<?xml version="1.0" encoding="UTF-8"?>
<!DOCTYPE mapper
PUBLIC "-//mybatis.org//DTD Mapper 3.0//EN"
"http://mybatis.org/dtd/mybatis-3-mapper.dtd">
<mapper namespace="dev">
 <select id="selectList" resultType="dto">
  	select * from shopboard order by gnum desc, onum asc
 </select>
 
 <select id="searchList" parameterType="formBean" resultType="dto">
  	select * from shopboard 
  	where ${searchName} like concat('%',#{searchValue},'%') 
  	order by gnum desc, onum asc
 </select>
 
 <select id="selectOne" parameterType="string" resultType="dto">
  	select * from shopboard where num=#{num}
 </select>
 
 <insert id="insertData" parameterType="formBean">
 	insert into shopboard 
 	values(#{num},#{name},#{pass},#{mail},#{title},#{cont},
 	#{bip},#{bdate},0,#{gnum},0,0)
 </insert>
 
 <update id="updateData" parameterType="formBean">
 	update shopboard 
 	set name=#{name},mail=#{mail},title=#{title},cont=#{cont}
 	where num=#{num}
 </update>
 
 <delete id="deleteData" parameterType="string">
 	delete from shopboard where num=#{num}
 </delete>
 
 <!--  maxnum -->
 <select id="currentNum" resultType="integer">
 	select max(num) from shopboard
 </select>
 
 <select id="totalCnt" resultType="integer">
 	select count(*) from shopboard
 </select>
 
 <!-- readcnt -->
 <update id="updateReadcnt" parameterType="string">
 	update shopboard set readcnt=readcnt + 1 
 	where num=#{num}
 </update>
 
 <!-- password -->
 <select id="selectPass" parameterType="string" resultType="string">
 	select pass from shopboard 
 	where num=#{num}
 </select>

 <!-- reply -->
 <update id="updateOnum" parameterType="formBean">
 	update shopboard set onum=onum + 1
 	where onum >= #{onum} and gnum=#{gnum}
 </update>

 <insert id="insertReData" parameterType="formBean">
 	insert into shopboard
 	values(#{num},#{name},#{pass},#{mail},#{title},#{cont},
 	#{bip},#{bdate},0,#{gnum},#{onum},#{nested})
 </insert>
</mapper>